"question","best_page","current_answer","recommended_answer","supporting_evidence","business_confirmation_needed","schema_type","status"
"What does a China supply chain partner do?","https://jinghangsc.com/","The homepage and FAQ describe sourcing, supplier communication, inspection coordination, consolidation, and cross-border logistics execution.","A China supply chain partner coordinates the handoffs between product requirements, suppliers, samples, pre-shipment checks, consolidation, and international delivery. It does not replace the buyer's product, commercial, compliance, or approval responsibilities. Jinghang Global Supply Chain defines the agreed scope first, then uses its own team and reviewed third-party providers as the project requires.","memory/service-positioning.md; homepage visible service and process sections; FAQ question 1","NO","Organization; WebPage; FAQPage","PRESENT_STRONG"
"What information is needed before sourcing from China?","https://jinghangsc.com/china-sourcing","The sourcing page asks for a product brief, requirements, quantities, target market, supplier status, budget assumptions, and decision criteria.","Before supplier sourcing begins, provide the product use, specifications, materials, critical quality requirements, target market, sample or order quantity, packaging and labeling needs, target milestones, known compliance concerns, and any existing supplier information. Separate mandatory requirements from preferences. Clear inputs make supplier responses more comparable and allow the search, screening, sampling, and approval stages to be scoped in writing.","memory/service-positioning.md; china-sourcing visible Information to prepare section; sourcing insight guide","NO","Service; FAQPage","PRESENT_STRONG"
"How does supplier coordination in China work?","https://jinghangsc.com/china-sourcing","The page presents requirement-led search, preliminary comparison, written open questions, client approval, and coordination into later stages.","Supplier coordination starts with an agreed brief and named decision makers. Jinghang can communicate requirements, collect supplier responses, coordinate samples, track open questions, and report evidence for the client's review. The client retains approval authority for suppliers, specifications, commercial commitments, and shipment release unless a different written scope is agreed. Deliverables, responsibilities, third-party involvement, and fees are confirmed before execution.","memory/service-positioning.md; china-sourcing workflow; memory/trust-evidence.md","NO","Service; FAQPage","PRESENT_STRONG"
"What is a pre-shipment quality inspection?","https://jinghangsc.com/quality-inspection","The inspection page explains observable checks, agreed references, routine team checks, paid independent providers, evidence, and client release decisions.","A pre-shipment quality inspection records agreed observable findings before goods are released for international transport. Depending on the written scope, checks may cover quantity, packaging, labeling, visible defects, photos or video, and loading supervision. Routine checks may be handled by Jinghang's team; professional or independent inspection can be arranged through a paid third-party provider. Method, sampling, evidence, provider, and decision rights are agreed in advance.","memory/inspection-process.md; quality-inspection visible direct-answer and execution sections","NO","Service; FAQPage","PRESENT_STRONG"
"What information is needed for a freight quote from China?","https://jinghangsc.com/freight-from-china","The freight page requests product description, packing data, weight, origin, destination postcode, timing, commercial value, special attributes, and available documents.","For a usable freight review, provide an accurate product description and use, quantity, carton or crate count, packed dimensions, gross weight, cargo value, supplier or pickup city, goods-ready date, destination country and postal code, delivery-site constraints, target timing, and available documents. Declare batteries, liquids, powders, magnets, brands, regulated characteristics, or oversized cargo. The route, method, charges, and exclusions can only be assessed from the actual shipment facts.","memory/cargo-policy.md; freight-from-china Information to send section; contact form fields","NO","Service; FAQPage","PRESENT_STRONG"
"Can goods from several Chinese suppliers be consolidated?","https://jinghangsc.com/freight-from-china","The freight and FAQ pages confirm multi-supplier consolidation subject to project, cargo, handling, and destination review.","Yes. Compatible goods from several suppliers can be received and consolidated before international dispatch, subject to project review. Provide each supplier's location, cargo-ready date, carton count, packing data, product description, special-cargo attributes, and destination requirements. The consolidation plan should state receiving, checking, labeling, repacking, storage, release, and shipment responsibilities, together with any handling or storage charges, before the service begins.","memory/service-positioning.md; memory/commercial-warehouse-terms.md; freight-from-china consolidation section; FAQ question 10","NO","Service; FAQPage","PRESENT_STRONG"
"Should a shipment use express, air, or sea freight?","https://jinghangsc.com/freight-from-china","The freight page compares express, air, and sea against cargo, packed size, weight, destination, timing, customs requirements, and quoted scope.","The suitable method depends on the actual cargo rather than a universal fastest-or-cheapest rule. Express may suit smaller time-sensitive shipments; air freight may suit larger urgent cargo; sea freight may suit heavier or less time-sensitive volume. The comparison must also consider packed dimensions, chargeable weight, destination, customs and delivery requirements, special-cargo acceptance, handling, and every included or excluded charge. Final feasibility is confirmed after shipment review.","memory/route-coverage.md; memory/cargo-policy.md; freight-from-china mode-comparison section","NO","Service; FAQPage","PRESENT_STRONG"
"What is the difference between DDP and DAP?","https://jinghangsc.com/insights/ddp-vs-dap-shipping-from-china","The guide explains that DAP places import clearance, duties, and applicable import taxes with the buyer, while DDP places those responsibilities with the seller, subject to lawful destination feasibility.","Under DAP, the seller arranges delivery to the named destination while the buyer handles import clearance, duties, and applicable import taxes. Under DDP, the seller also assumes those import responsibilities. Neither label defines every charge, legal role, unloading requirement, or delivery-site condition. State the exact named place and current Incoterms edition, then confirm the importer structure, documents, included charges, exclusions, and destination feasibility for the actual shipment.","memory/ddp-dap-boundaries.md; DDP vs DAP insight guide; ICC source linked from the guide","NO","Article; FAQPage","PRESENT_STRONG"
"Can battery-related or sensitive cargo be shipped?","https://jinghangsc.com/freight-from-china","The freight, services, and FAQ pages state that battery-related, sensitive, oversized, and regulated cargo is reviewed case by case and is not automatically accepted.","Battery-related, sensitive, oversized, and regulated cargo can be reviewed case by case, but acceptance is not automatic. The review considers product and battery details, available compliance documents, packing, dimensions, weight, origin, destination, carrier or partner requirements, and applicable customs rules. Jinghang does not handle prohibited goods, restricted imports or exports, counterfeit or infringing goods, or cargo without required compliance documents. Requirements are confirmed for the actual cargo and route.","memory/cargo-policy.md; freight-from-china special-cargo section; FAQ questions 20 to 22","NO","Service; FAQPage","PRESENT_STRONG"
"What does Jinghang coordinate directly and what may involve third-party providers?","https://jinghangsc.com/about","The About and specialist pages disclose a collaboration-based model combining Jinghang's own team with third-party providers according to project needs.","Jinghang coordinates the agreed China-side workflow, communication, status visibility, and project handoffs. Its own team may handle routine coordination and agreed observable checks. Specialist activities, independent inspections, partner-warehouse work, destination services, or route execution may involve reviewed third-party providers. The provider, scope, responsibilities, evidence, and third-party fees are disclosed and confirmed before the relevant work begins; not every service is represented as fully in-house.","memory/service-positioning.md; memory/trust-evidence.md; About execution disclosure; specialist-page execution sections","NO","AboutPage; Organization","PRESENT_STRONG"
"Does Jinghang own overseas warehouses?","https://jinghangsc.com/faq","The FAQ states that Jinghang coordinates overseas warehouse and fulfillment services through reviewed facilities and partners and does not claim ownership.","Jinghang does not claim ownership of the overseas warehouses described on the website. It can coordinate reviewed warehouse and fulfillment-related services through partners in Japan, the United States, Canada, the United Kingdom, Germany, and Poland, subject to project review. Yiwu and Qingdao are partner-warehouse consolidation service points. Availability, receiving, storage, handling, labeling, fulfillment, and fees are confirmed for each project.","memory/commercial-warehouse-terms.md; memory/route-coverage.md; memory/pending-verification.md; FAQ question 23","NO","FAQPage","PRESENT_STRONG"
"Which responsibilities must be confirmed before a shipment?","https://jinghangsc.com/ddp-shipping-from-china","The DDP and freight pages require written confirmation of parties, named place, cargo basis, customs roles, destination scope, charges, exclusions, and client inputs.","Before shipment, confirm the seller, buyer, shipper, consignee, importer, broker, and delivery recipient; the exact product and packing data; the service term and named destination point; export and import-clearance roles; duties, VAT, customs, storage, remote-area, re-delivery, insurance, claim, unloading, and other destination charges; required documents; special-cargo conditions; delivery-site access; approval authority; and what happens if facts, costs, or feasibility change. The written quotation or agreement controls the final scope.","memory/ddp-dap-boundaries.md; freight-from-china quotation section; DDP service quotation checklist","NO","Service; FAQPage","PRESENT_STRONG"
"How can an overseas company work with China suppliers without an in-house team?","https://jinghangsc.com/insights/how-to-source-products-from-china-without-an-in-house-team","The sourcing guide explains an operating model in which the client keeps product and commercial decisions while a China-side partner coordinates agreed execution tasks.","An overseas company can keep product ownership, commercial decisions, compliance responsibilities, and approval authority internally while assigning defined China-side tasks to a supply chain partner. Start with a usable brief, decision owners, supplier evidence requirements, sample control, quality gates, packing and document requirements, and an early delivery review. Record which tasks Jinghang coordinates, which providers may be involved, what the client must approve, and how exceptions are escalated before work begins.","memory/service-positioning.md; sourcing insight guide; china-sourcing workflow","NO","Article; FAQPage","PRESENT_STRONG"
