"page_url","page_type","current_title","current_h1","primary_intent","visible_words_local","published_date","modified_date","visible_author","primary_cta","structured_data","internal_link_assessment","source_support","content_status","main_action"
"https://jinghangsc.com/","homepage","China Supply Chain Partner | Jinghang Global Supply Chain","Your China Supply Chain Partner From Supplier Coordination to Delivery.","commercial investigation","1236","","","","Send a short project brief","Organization; WebSite; WebPage","Strong links to the service hub, specialist pages, Insights, and Contact.","Verified company memory and visible scope boundaries.","STRONG","Keep the broad partner intent; do not expand into every specialist keyword."
"https://jinghangsc.com/services","service hub","China Supply Chain Services | Jinghang Global Supply Chain","China Supply Chain Services From Supplier Coordination to Reviewed Delivery.","commercial investigation","1512","","","","Share the current project stage","WebPage; BreadcrumbList; ItemList; Service","Strong links to all five specialist pages and Contact.","Verified service-positioning, cargo, route, inspection, and warehouse memory.","STRONG","Keep as a navigation and scope hub; avoid duplicating specialist-page detail."
"https://jinghangsc.com/china-sourcing","service landing page","China Sourcing Services | Jinghang Global Supply Chain","China Sourcing and Supplier Coordination for Overseas Businesses","transactional / commercial investigation","1520","","","","Send product requirements","WebPage; Service; BusinessAudience; BreadcrumbList; FAQPage","Strong links to supplier checklist, inspection, freight, and Contact.","Verified service-positioning and execution-model memory.","STRONG","Monitor query data before substantive changes."
"https://jinghangsc.com/quality-inspection","service landing page","Quality Inspection in China | Jinghang Global Supply Chain","Pre-Shipment Quality Inspection Coordination in China","transactional / commercial investigation","1552","","","","Prepare an inspection request","WebPage; Service; BreadcrumbList; FAQPage","Strong links to sourcing, supplier checklist, freight, and Contact.","Verified inspection-process memory; no universal sampling or guarantee claims.","STRONG_WITH_TITLE_OPPORTUNITY","Consider aligning the title with pre-shipment intent."
"https://jinghangsc.com/freight-from-china","service landing page","Freight From China | Jinghang Global Supply Chain","Freight From China: Express, Air, or Sea?","transactional / commercial investigation","1587","","","","Get a route recommendation","WebPage; Service; BreadcrumbList; FAQPage","Strong links to DDP, inspection, special-cargo scope, and Contact.","Verified route, cargo, DDP/DAP, and quotation boundaries.","STRONG","Keep mode-choice intent separate from quote-input content."
"https://jinghangsc.com/ddp-shipping-from-china","service landing page","DDP Shipping From China | Jinghang Global Supply Chain","DDP Shipping From China With Written Responsibilities and Charges","transactional / commercial investigation","1755","","","","Request a DDP shipping review","WebPage; Service; BreadcrumbList; FAQPage","Strong links to freight, DDP/DAP guide, and Contact.","Verified DDP/DAP countries and quotation boundaries; no universal customs or timing guarantee.","STRONG","Keep the stable service title and retain verified countries in visible copy."
"https://jinghangsc.com/hardware-startup-supply-chain-china","service landing page","Hardware Supply Chain in China | Jinghang Global Supply Chain","China Supply Chain Support for Hardware Startups","transactional / commercial investigation","1817","","","","Discuss a hardware project","WebPage; Service; BusinessAudience; BreadcrumbList; FAQPage","Strong links to sourcing, inspection, freight, and Contact.","Verified target audience, execution model, and service boundaries.","STRONG","Do not add engineering or manufacturing guarantees."
"https://jinghangsc.com/about","about / trust page","About Jinghang Global Supply Chain","About Jinghang Global Supply Chain","branded / trust validation","797","","","","Discuss a China-side operating need","AboutPage; Person; Place; BreadcrumbList","Strong links to Services, Contact, Privacy, and company trust information.","Verified legal entity, address, established date, founder bio, and execution model.","STRONG","Keep the branded H1 and verified identity disclosures aligned."
"https://jinghangsc.com/faq","FAQ","China Supply Chain FAQ | Jinghang Global Supply Chain","Direct answers about sourcing, inspection coordination, consolidation, and cross-border logistics.","informational / commercial investigation","1638","","","","Share the project stage and desired outcome","FAQPage; BreadcrumbList","Broad links to all specialist pages and Contact.","Twenty-seven visible answers match the verified memory baseline.","STRONG","Keep fact-controlled; avoid duplicating every answer across specialist pages."
"https://jinghangsc.com/contact","conversion page","Contact Jinghang Global Supply Chain | Project Enquiry","Tell us what you are building, buying, or shipping.","transactional","568","","","","Submit a project brief","ContactPage; BreadcrumbList","Linked from every core page; links to Privacy and direct contact channels.","Local source shows same-origin form, Turnstile runtime requirements, and email/WhatsApp fallback. Production delivery was not tested in this content audit.","STRONG_WITH_RUNTIME_VERIFICATION_REQUIRED","Keep search targeting narrow and verify a real production enquiry separately."
"https://jinghangsc.com/privacy","legal page","Privacy Notice | Jinghang Global Supply Chain","Privacy Notice","legal / navigational","728","","","","Email a privacy request","WebPage; BreadcrumbList","Linked from the footer and Contact page.","Visible notice is aligned with the current source architecture; production configuration remains a runtime matter.","STRONG_LEGAL_PAGE","Update only when actual data processing, analytics, or service providers change."
"https://jinghangsc.com/insights/","content hub","China Supply Chain Insights | Jinghang Global Supply Chain","Practical Guides for Building and Moving Products From China.","informational","341","","","","Discuss a project","WebPage; BreadcrumbList; ItemList","Links to all three guides, Services, FAQ, and Contact.","Local source only; no Search Console or Bing performance data connected to this audit.","ADEQUATE_HUB_WITH_H1_OPPORTUNITY","Use a clearer audience-led H1 when next updated."
"https://jinghangsc.com/insights/how-to-source-products-from-china-without-an-in-house-team","insight guide","How to Source Products From China | Jinghang Global Supply Chain","How to Source Products from China Without an In-House Team","informational / commercial investigation","1604","2026-07-18","2026-07-21","Jinghang Global Supply Chain","Discuss the operating scope","Article; WebPage; BreadcrumbList; FAQPage","Strong links to sourcing, inspection, supplier checklist, DDP/DAP guide, freight, and Contact.","Original operating guidance with clear risk boundaries; no live performance data connected.","STRONG","Keep; add visible update/review attribution only under an approved editorial policy."
"https://jinghangsc.com/insights/china-supplier-evaluation-checklist","insight checklist","China Supplier Evaluation Checklist | Jinghang Global Supply Chain","China Supplier Evaluation Checklist","informational / commercial investigation","1914","2026-07-18","2026-07-21","Jinghang Global Supply Chain","Discuss supplier support","Article; WebPage; BreadcrumbList; FAQPage","Strong links to sourcing, inspection, related guides, and Contact.","Original evidence-led checklist with explicit limitations; no claim that the checklist guarantees supplier performance.","STRONG","Keep; avoid unsupported scoring systems or certification claims."
"https://jinghangsc.com/insights/ddp-vs-dap-shipping-from-china","insight guide","DDP vs DAP Shipping From China | Jinghang Global Supply Chain","DDP vs DAP Shipping From China","informational / commercial investigation","1894","2026-07-18","2026-07-21","Jinghang Global Supply Chain","Request a DDP or DAP feasibility review","Article; WebPage; BreadcrumbList; FAQPage","Strong links to the DDP service page, freight, sourcing guides, and Contact.","Links to current ICC guidance and states legal, customs, tax, and product-compliance limitations.","STRONG","Keep separate from the transactional DDP service page; review official rule references when updated."
