"page_url","page_type","primary_keyword","secondary_keywords","search_intent","target_audience","target_market","current_title","recommended_title","current_h1","recommended_h1","content_gap","internal_links_needed","priority","status"
"https://jinghangsc.com/","homepage","china supply chain partner","china sourcing and logistics partner; china-side supply chain coordination; supplier coordination in China","commercial investigation","Overseas SMEs, hardware startups, brands, and e-commerce businesses without an in-house China team","United States; Europe; global overseas businesses","China Supply Chain Partner | Jinghang Global Supply Chain","China Supply Chain Partner | Jinghang Global Supply Chain","Your China Supply Chain Partner From Supplier Coordination to Delivery.","Your China Supply Chain Partner From Supplier Coordination to Delivery.","Keep the homepage focused on the overall partner role; do not make it compete with specialist service pages.","/services; /china-sourcing; /quality-inspection; /freight-from-china; /hardware-startup-supply-chain-china; /contact","P0","KEEP_CURRENT_POSITIONING"
"https://jinghangsc.com/services","service hub","china supply chain services","China sourcing services; inspection coordination China; shipment consolidation China; international delivery coordination","commercial investigation","Overseas businesses comparing China-side coordination scopes","United States; Europe; global overseas businesses","China Supply Chain Services | Jinghang Global Supply Chain","China Supply Chain Services | Jinghang Global Supply Chain","China Supply Chain Services From Supplier Coordination to Reviewed Delivery.","China Supply Chain Services From Supplier Coordination to Reviewed Delivery.","Keep this as a service-navigation hub and avoid duplicating the full specialist-page answers.","/china-sourcing; /quality-inspection; /freight-from-china; /ddp-shipping-from-china; /hardware-startup-supply-chain-china; /contact","P0","KEEP_CURRENT_POSITIONING"
"https://jinghangsc.com/china-sourcing","service landing page","china sourcing services","supplier sourcing in China; China supplier coordination; China procurement support; sourcing products from China","transactional / commercial investigation","Overseas buyers that need supplier search, comparison, sampling, and coordination","United States; Europe; global overseas businesses","China Sourcing Services | Jinghang Global Supply Chain","China Sourcing Services | Jinghang Global Supply Chain","China Sourcing and Supplier Coordination for Overseas Businesses","China Sourcing and Supplier Coordination for Overseas Businesses","No major content gap in the local source; monitor real query data before changing the title or expanding copy.","/quality-inspection; /freight-from-china; /insights/china-supplier-evaluation-checklist; /contact","P0","KEEP_CURRENT_POSITIONING"
"https://jinghangsc.com/quality-inspection","service landing page","pre-shipment quality inspection China","quality inspection coordination China; product inspection before shipment; China quality control support","transactional / commercial investigation","Overseas buyers preparing goods for release or shipment","United States; Europe; global overseas businesses","Quality Inspection in China | Jinghang Global Supply Chain","Pre-Shipment Quality Inspection in China | Jinghang Global Supply Chain","Pre-Shipment Quality Inspection Coordination in China","Pre-Shipment Quality Inspection Coordination in China","The current page is comprehensive; the title can align more closely with the specific pre-shipment intent without implying every inspection is independent or in-house.","/china-sourcing; /freight-from-china; /insights/china-supplier-evaluation-checklist; /contact","P0","RECOMMEND_TITLE_REFINEMENT"
"https://jinghangsc.com/freight-from-china","service landing page","freight from China","shipping from China; express freight from China; air freight from China; sea freight from China; multi-supplier consolidation China","transactional / commercial investigation","Importers and overseas teams comparing transport modes and route requirements","United States; Europe; global destinations subject to review","Freight From China | Jinghang Global Supply Chain","Freight From China | Jinghang Global Supply Chain","Freight From China: Express, Air, or Sea?","Freight From China: Express, Air, or Sea?","A separate freight-quote-input guide can target informational intent without replacing this service page.","/ddp-shipping-from-china; /quality-inspection; /services#special-cargo; /contact","P0","TITLE_REFINEMENT_APPLIED"
"https://jinghangsc.com/ddp-shipping-from-china","service landing page","DDP shipping from China","DDP shipping from China to USA; DDP shipping from China to Europe; DDP shipping to Canada; DDP shipping to Australia; door-to-door shipping from China","transactional / commercial investigation","Overseas buyers evaluating a shipment-specific DDP or DAP structure","United States; Canada; Australia; verified European DDP countries; global DAP subject to review","DDP Shipping From China | Jinghang Global Supply Chain","DDP Shipping From China | Jinghang Global Supply Chain","DDP Shipping From China With Written Responsibilities and Charges","DDP Shipping From China With Written Responsibilities and Charges","Keep the stable service title and retain verified country scope in visible content.","/freight-from-china; /insights/ddp-vs-dap-shipping-from-china; /contact","P0","TITLE_REFINEMENT_APPLIED"
"https://jinghangsc.com/hardware-startup-supply-chain-china","service landing page","China supply chain for hardware startups","hardware startup sourcing China; prototype supplier coordination China; hardware product supply chain support","transactional / commercial investigation","Overseas hardware startup teams without an in-house China execution team","United States; Europe; global overseas hardware teams","Hardware Supply Chain in China | Jinghang Global Supply Chain","Hardware Supply Chain in China | Jinghang Global Supply Chain","China Supply Chain Support for Hardware Startups","China Supply Chain Support for Hardware Startups","The full public brand is present. Do not add manufacturing, engineering, certification, or guaranteed scale-up claims.","/china-sourcing; /quality-inspection; /freight-from-china; /contact","P0","TITLE_REFINEMENT_APPLIED"
"https://jinghangsc.com/about","about / trust page","Jinghang Global Supply Chain","Shenzhen Jinghang Freight Forwarding Co., Ltd.; China supply chain company Shenzhen; China supply chain partner company","branded / navigational / trust validation","Prospects validating company identity, operating model, and leadership","Global","About Jinghang Global Supply Chain","About Jinghang Global Supply Chain","About Jinghang Global Supply Chain","About Jinghang Global Supply Chain","The branded H1 separates the About page's entity-validation intent from the homepage's broad service-positioning intent.","/services; /contact; /privacy","P1","H1_REFINEMENT_APPLIED"
"https://jinghangsc.com/faq","FAQ","china supply chain FAQ","China sourcing questions; inspection coordination questions; DDP and DAP questions; freight from China questions","informational / commercial investigation","Prospects seeking concise factual answers before an enquiry","Global","China Supply Chain FAQ | Jinghang Global Supply Chain","China Supply Chain FAQ | Jinghang Global Supply Chain","Direct answers about sourcing, inspection coordination, consolidation, and cross-border logistics.","China Supply Chain Questions, Answered","The 27 answers are fact-controlled and useful. Keep this as a broad answer hub; specialist-page FAQs should answer narrower questions and not duplicate every item.","/china-sourcing; /quality-inspection; /freight-from-china; /ddp-shipping-from-china; /contact","P1","RECOMMEND_H1_REFINEMENT"
"https://jinghangsc.com/contact","conversion page","China supply chain project review","China sourcing enquiry; freight quote request China; DDP shipping review; inspection request China","transactional","Qualified overseas businesses ready to share project or shipment details","Global","Contact Jinghang Global Supply Chain | Project Enquiry","Contact Jinghang Global Supply Chain | Project Enquiry","Tell us what you are building, buying, or shipping.","Send Your China Supply Chain Project Brief","The page should remain a conversion destination, not compete for broad service keywords. Production delivery and Reply-To behavior require separate runtime verification.","/privacy; /services; /faq","P0","TITLE_REFINEMENT_APPLIED_H1_OPPORTUNITY"
"https://jinghangsc.com/privacy","legal page","Jinghang Global Supply Chain privacy notice","website enquiry privacy; contact form privacy","navigational / legal","Visitors reviewing enquiry-data handling","Global","Privacy Notice | Jinghang Global Supply Chain","Privacy Notice | Jinghang Global Supply Chain","Privacy Notice","Privacy Notice","No organic-search expansion needed. Keep the notice aligned with the actual form, Turnstile, service binding, mail delivery, retention, and analytics configuration.","/contact; /about","P2","KEEP_CURRENT_POSITIONING"
"https://jinghangsc.com/insights/","content hub","China supply chain insights","China sourcing guides; supplier evaluation guide; China logistics guides; DDP and DAP guide","informational","Overseas teams researching China sourcing and logistics decisions","Global","China Supply Chain Insights | Jinghang Global Supply Chain","China Supply Chain Insights | Jinghang Global Supply Chain","Practical Guides for Building and Moving Products From China.","China Supply Chain Guides for Overseas Businesses","The full public brand is present. Expand only when a high-quality approved guide is added; do not publish on a daily quota.","/insights/how-to-source-products-from-china-without-an-in-house-team; /insights/china-supplier-evaluation-checklist; /insights/ddp-vs-dap-shipping-from-china; /services; /contact","P1","TITLE_REFINEMENT_APPLIED_H1_OPPORTUNITY"
"https://jinghangsc.com/insights/how-to-source-products-from-china-without-an-in-house-team","insight guide","how to source products from China without an in-house team","China sourcing without local team; manage China suppliers remotely; China-side sourcing coordination","informational / commercial investigation","Overseas SMEs, brands, and startups without an in-house China team","Global","How to Source Products From China | Jinghang Global Supply Chain","How to Source Products From China | Jinghang Global Supply Chain","How to Source Products from China Without an In-House Team","How to Source Products from China Without an In-House Team","Strong operating-model guide. Add a visible updated date or reviewer only when the repository's verified author/review policy is established.","/china-sourcing; /quality-inspection; /freight-from-china; /contact","P1","TITLE_REFINEMENT_APPLIED"
"https://jinghangsc.com/insights/china-supplier-evaluation-checklist","insight checklist","China supplier evaluation checklist","Chinese supplier due diligence checklist; supplier verification China; factory evaluation checklist China","informational / commercial investigation","Overseas buyers comparing or approving a Chinese supplier","Global","China Supplier Evaluation Checklist | Jinghang Global Supply Chain","China Supplier Evaluation Checklist | Jinghang Global Supply Chain","China Supplier Evaluation Checklist","China Supplier Evaluation Checklist","Strong evidence-led checklist. Do not imply that a checklist guarantees supplier reliability, compliance, or future quality.","/china-sourcing; /quality-inspection; /contact","P1","TITLE_REFINEMENT_APPLIED"
"https://jinghangsc.com/insights/ddp-vs-dap-shipping-from-china","insight guide","DDP vs DAP shipping from China","DDP vs DAP responsibilities; Delivered Duty Paid vs Delivered at Place; DDU legacy term","informational / commercial investigation","Buyers comparing import-clearance and destination-delivery responsibilities","Global","DDP vs DAP Shipping From China | Jinghang Global Supply Chain","DDP vs DAP Shipping From China | Jinghang Global Supply Chain","DDP vs DAP Shipping From China","DDP vs DAP Shipping From China","Keep this informational guide distinct from the transactional DDP service page. Continue linking to current ICC guidance and avoid country-specific legal conclusions.","/ddp-shipping-from-china; /freight-from-china; /contact","P1","TITLE_REFINEMENT_APPLIED"
