"platform","opportunity_type","relevance","country","required_information","estimated_effort","risk","status","recommended_action"
"LinkedIn Company Page","Official organization entity profile","High","Global","Verified administrator authority; public brand; legal entity; website; public address; logo; approved company description","Medium","Medium: duplicate or unofficial page, inaccurate claims, admin loss, or unverified social URL added to schema","NEEDS_BUSINESS_CONFIRMATION","The project memory intentionally defers an official LinkedIn URL. If approved later, first search for an existing page, then create or claim one manually under an authorized account using LinkedIn's official process. Do not add sameAs until the exact public URL is verified."
"James Xiao professional profile","Verified executive entity profile","High","Global","Exact verified profile URL; approved founder bio; current title; company relationship; authorized profile owner","Medium","Medium: identity ambiguity, embellished credentials, or publishing an unverified URL","NEEDS_BUSINESS_CONFIRMATION","Only the profile owner should create or revise it. Use the approved founder bio and avoid credentials, employers, awards, customer names, or experience claims not present in memory."
"National Enterprise Credit Information Publicity System","Legal-entity corroboration","High","China","Exact Chinese legal name; registration identifiers; official record located through the government system","Low","Low to Medium: unstable result URLs, CAPTCHA, translation errors, or implying government endorsement","MANUAL_VERIFY_ONLY","Locate and verify the official record manually. Use it as internal entity evidence; link publicly only if the result URL is stable and the legal disclosure remains accurate. Do not imply endorsement."
"Crunchbase organization profile","Organization knowledge profile","Medium","Global","Verified company representative; public brand; legal entity; founding date; website; approved description; no funding claims without evidence","Medium","Medium: duplicate profile, unsupported funding or employee data, or stale third-party edits","RESEARCH_REQUIRED","Check current eligibility and whether a legitimate profile already exists. Create or claim only with company approval; complete verified fields and leave unknown funding, employee, customer, and revenue fields blank."
"Clutch company profile","B2B service directory","Medium","United States / Global","Verified service categories; company identity; contact details; real client references if the platform requires them","High","High: pressure to solicit or publish reviews, category mismatch, paid placement, or unsupported case claims","DEFERRED_UNTIL_EVIDENCE","Do not list merely for a backlink. Reconsider only when the company has permissioned, verifiable client evidence and can meet current platform rules without fabricated reviews or paid link tactics."
"GoodFirms company profile","B2B service directory","Medium","Global","Verified company identity; service scope; contact details; real project evidence if required","High","High: unsupported review or portfolio claims, paid placement, duplicate directory content","DEFERRED_UNTIL_EVIDENCE","Research current listing requirements only after approved public case evidence exists. Do not submit copied service text to many directories."
"Supply-chain and logistics trade publications","Original expert article or interview pitch","High","United States / Europe / Global","Original article angle; approved spokesperson; verified facts; primary sources; editorial disclosure","High","Medium: promotional copy, unsupported route claims, or low-quality syndicated content","RESEARCH_REQUIRED","Manually research current editorial guidelines for outlets such as Supply Chain Brain or Inbound Logistics. Pitch one evidence-based operational article, not a company advertisement. External contact requires separate approval."
"Hardware startup communities","Value-first educational contribution","High","Global","Approved company representative; original checklist or Q&A; transparent affiliation; community-specific rules","Medium","High: forum spam, promotional linking, or pretending to be a neutral user","MANUAL_APPROVAL_REQUIRED","Evaluate communities such as Hackster.io or relevant hardware-founder groups. Participate only through an identified representative, answer real questions, disclose affiliation, and link only when the page directly helps the discussion."
"Partner service-provider websites","Permission-based partner reference","High","China / destination markets","Verified relationship; exact service scope; written partner approval; approved brand and URL; non-exclusive wording","Medium","High: implying ownership, exclusivity, scale, certification, or official carrier relationships","NEEDS_PARTNER_APPROVAL","Ask a verified partner whether it is appropriate to reference Jinghang in an accurate service or partner page. Both parties must approve wording. Never describe partner warehouses as owned facilities."
"Customer-approved case study","First-party evidence and earned references","High","Global","Written customer permission; verified timeline; scope; evidence; anonymization decision; approved outcomes and limitations","High","High: confidentiality breach, invented result, unverifiable metrics, or testimonial manipulation","DEFERRED_UNTIL_EVIDENCE","Do nothing until a real case is complete and the customer grants written permission. Publish limitations and project context; never manufacture a testimonial or outcome."
"Founder or company expert-response platforms","Journalist or writer query response","Medium","Global","Verified spokesperson identity; approved expertise boundary; concise factual response; disclosure of affiliation","Medium","Medium: unverifiable expertise, deadline pressure, quote misuse, or unrelated backlink chasing","RESEARCH_REQUIRED","Research current reputable expert-query platforms manually. Respond only to relevant sourcing, supplier-coordination, inspection-process, consolidation, or logistics-workflow questions. No automated pitching or mass responses."
"Industry associations and certifications","Membership or credential signal","Low until verified","China / Global","Actual eligibility; application approval; dues decision; verified membership or certificate","High","High: false membership, logo misuse, pay-to-play credential, or irrelevant certification","OUT_OF_SCOPE_UNTIL_VERIFIED","Do not pursue or publish for SEO alone. Reconsider only for a real operational reason and add to public content only after documentary verification and explicit approval."
