issue_id,severity,status,category,scope,evidence,impact,recommended_action,verification
SEO-001,high,resolved_local,entity_trust,/about,"The unverified visible LinkedIn link and Person.sameAs value were removed from the local release","The local source no longer creates an unsupported identity association","Keep social URLs out of visible copy and sameAs until the exact official account is verified in memory","Strict local audit reports no LinkedIn or sameAs reference"
SEO-002,medium,resolved_local,brand_disambiguation,"/freight-from-china; /ddp-shipping-from-china; /hardware-startup-supply-chain-china; /insights/; all three Insights articles","Page-specific Title and social-title fields now use Jinghang Global Supply Chain rather than the ambiguous Jinghang shorthand","The local metadata sends a consistent full-brand entity signal","Retain unique page intent while using the full brand in future metadata updates","Strict local audit confirms 15 unique Titles and complete Open Graph data"
SEO-003,medium,resolved_local,structured_data,/faq,"A visible English breadcrumb and matching BreadcrumbList JSON-LD were added without changing the 27 FAQ answers","The FAQ page now has consistent navigation context and structured data","Keep visible navigation and machine-readable breadcrumb data aligned","JSON-LD parse and FAQ parity checks pass"
SEO-004,low,resolved_local,sitemap,"/; /services; /about; /faq; /contact; /privacy","Changed-page lastmod dates now reflect the local release date; privacy reflects its last meaningful source update","The Sitemap no longer presents the identified stale dates","Update lastmod only when a page receives a meaningful public change","Strict local audit confirms 15 canonical Sitemap URLs"
SEO-005,low,resolved_local,snippet_quality,"/about; /contact; /ddp-shipping-from-china; /hardware-startup-supply-chain-china; Insights pages","Long and ambiguous page Titles were shortened while retaining a distinct intent and the full public brand","The local release reduces avoidable truncation risk without keyword stuffing","Inspect real search snippets after recrawl because search engines may still rewrite titles","Keyword map and strict local audit confirm unique metadata"
SEO-006,low,resolved_local,qa_tooling,repository,"README now points to the maintained repository-local strict validation command","A clean checkout can reproduce the current validation workflow","Keep the README command synchronized with seo/scripts/seo_automation.py","The documented local-only strict command exits successfully"
SEO-007,info,not_connected,search_measurement,"Google Search Console and Bing Webmaster Tools","Repository records historic GSC verification and 15 discovered URLs, but no current account/API data is connected; Bing verification is not confirmed","Current indexed count, impressions, clicks, CTR, rankings, countries, devices, and backlinks cannot be measured","Connect a read-only API or provide dated exports; keep unavailable metrics marked not connected rather than zero","Record property, export period, and data timestamp"
SEO-008,info,needs_external_verification,http_headers,production,"Chrome confirmed final URLs and expected documents, but shell DNS was unavailable and the browser did not expose response headers or redirect codes","Exact 200/301/404 status, redirect hop count, HSTS delivery, Content-Type, cache headers, and live X-Robots-Tag remain unproven","Run a network-enabled curl or crawler header audit against all 15 URLs, the four host/protocol variants, robots.txt, sitemap.xml, and a missing path","Attach timestamped status and Location header evidence"
SEO-009,info,measured_production_baseline,performance,production,"Official PageSpeed Insights on 2026-07-29 scored both mobile and desktop 100 Performance, 100 Accessibility, 92 Best Practices, and 100 SEO; no field data was available","The deployed baseline is fast in the lab, but local unpublished changes require a post-deployment rerun and field experience remains unknown","Rerun PageSpeed after a reviewed deployment and compare with CrUX when the site becomes eligible","See seo/performance-audit.md and the dated PageSpeed report"
SEO-010,info,not_connected,indexnow,repository,"The IndexNow key file exists, but no prior submission log with URL, timestamp, hash, response, and failure reason was present at audit start","Actual IndexNow notification history cannot be audited","Log only genuinely changed URLs and retain request results without secrets","Check a dated IndexNow state or report file"
SEO-011,medium,manual_cloudflare_action,privacy_and_best_practices,production,"PageSpeed recorded an attempted static.cloudflareinsights.com beacon injection that the strict CSP blocked","The blocked request produces a console error and Best Practices 92; allowing it would conflict with the current no-analytics policy without prior approval","Disable Cloudflare Web Analytics injection in the Cloudflare dashboard; do not whitelist the beacon unless analytics is explicitly approved and the Privacy Notice is updated","Rerun PageSpeed and confirm the beacon request and console error are absent"
SEO-012,high,resolved_local_requires_dashboard,static_asset_exposure,repository_and_Cloudflare_Pages,"The production project historically published the repository root, while the new seo directory contains internal reports and optional data paths","Committing internal SEO files before changing the Pages output directory could expose them as public static assets","Use python3 scripts/build_site.py and configure Cloudflare Pages build output as dist before any push or production deployment","Local allowlist build must contain only approved public files; dashboard configuration still requires manual confirmation"
