url,local_file,live_observation,http_status,final_url,title,title_length,meta_description,description_length,h1,h1_count,canonical,robots_meta,html_lang,static_word_count,internal_links,inbound_internal_pages,in_sitemap,schema_types,image_count,missing_alt_count,open_graph,twitter_card,orphan,outbound_web_links,notes
https://jinghangsc.com/,index.html,"Local source checked and production document rendered in Chrome on 2026-07-29",BROWSER_RENDERED_STATUS_NOT_EXPOSED,https://jinghangsc.com/,China Supply Chain Partner | Jinghang Global Supply Chain,57,"China sourcing, supplier communication, quality inspection coordination, consolidation, freight, and international delivery support for overseas businesses.",156,Your China Supply Chain Partner From Supplier Coordination to Delivery.,1,https://jinghangsc.com/,"",en,1236,42,14,yes,"Organization|WebSite|WebPage",0,0,complete,summary_large_image,no,0,"Canonical root; direct-answer section added locally"
https://jinghangsc.com/services,services.html,"Local source checked and production document rendered in Chrome on 2026-07-29",BROWSER_RENDERED_STATUS_NOT_EXPOSED,https://jinghangsc.com/services,China Supply Chain Services | Jinghang Global Supply Chain,58,"China sourcing, supplier communication, inspection coordination, consolidation, air, sea, express, and DDP/DAP logistics for overseas businesses.",145,China Supply Chain Services From Supplier Coordination to Reviewed Delivery.,1,https://jinghangsc.com/services,"",en,1512,36,14,yes,"WebPage|BreadcrumbList|ItemList|Service",0,0,complete,summary_large_image,no,0,"Service hub; direct-answer section added locally"
https://jinghangsc.com/china-sourcing,china-sourcing.html,"Local source checked and production document rendered in Chrome on 2026-07-29",BROWSER_RENDERED_STATUS_NOT_EXPOSED,https://jinghangsc.com/china-sourcing,China Sourcing Services | Jinghang Global Supply Chain,54,"Find and compare potential China suppliers with a written brief, preliminary screening, sample coordination, clear deliverables, and client approval.",149,China Sourcing and Supplier Coordination for Overseas Businesses,1,https://jinghangsc.com/china-sourcing,"",en,1520,35,14,yes,"WebPage|Service|BusinessAudience|BreadcrumbList|FAQPage",0,0,complete,summary_large_image,no,0,"Specialist service page"
https://jinghangsc.com/quality-inspection,quality-inspection.html,"Local source checked and production document rendered in Chrome on 2026-07-29",BROWSER_RENDERED_STATUS_NOT_EXPOSED,https://jinghangsc.com/quality-inspection,Quality Inspection in China | Jinghang Global Supply Chain,58,"Coordinate pre-shipment quality inspection in China with an agreed checklist, provider, evidence, sampling approach, and client release decision.",145,Pre-Shipment Quality Inspection Coordination in China,1,https://jinghangsc.com/quality-inspection,"",en,1552,33,14,yes,"WebPage|Service|BreadcrumbList|FAQPage",0,0,complete,summary_large_image,no,0,"Specialist service page"
https://jinghangsc.com/freight-from-china,freight-from-china.html,"Local source checked and production document rendered in Chrome on 2026-07-29",BROWSER_RENDERED_STATUS_NOT_EXPOSED,https://jinghangsc.com/freight-from-china,Freight From China | Jinghang Global Supply Chain,49,"Compare express, air, and sea freight from China based on cargo, packed size, weight, destination, timing, customs requirements, and quoted scope.",146,"Freight From China: Express, Air, or Sea?",1,https://jinghangsc.com/freight-from-china,"",en,1587,33,14,yes,"WebPage|Service|BreadcrumbList|FAQPage",0,0,complete,summary_large_image,no,0,"Full-brand title synchronized locally"
https://jinghangsc.com/ddp-shipping-from-china,ddp-shipping-from-china.html,"Local source checked and production document rendered in Chrome on 2026-07-29",BROWSER_RENDERED_STATUS_NOT_EXPOSED,https://jinghangsc.com/ddp-shipping-from-china,DDP Shipping From China | Jinghang Global Supply Chain,54,"Request a shipment-reviewed DDP service from China. Confirm the named place, cargo, duties, VAT, customs scope, destination charges, and exclusions.",148,DDP Shipping From China With Written Responsibilities and Charges,1,https://jinghangsc.com/ddp-shipping-from-china,"",en,1755,32,14,yes,"WebPage|Service|BreadcrumbList|FAQPage",0,0,complete,summary_large_image,no,1,"Full-brand title synchronized locally; official ICC outbound link"
https://jinghangsc.com/hardware-startup-supply-chain-china,hardware-startup-supply-chain-china.html,"Local source checked and production document rendered in Chrome on 2026-07-29",BROWSER_RENDERED_STATUS_NOT_EXPOSED,https://jinghangsc.com/hardware-startup-supply-chain-china,Hardware Supply Chain in China | Jinghang Global Supply Chain,61,"Coordinate China suppliers, samples, inspection, consolidation, special-cargo review, and international delivery for a hardware startup project.",144,China Supply Chain Support for Hardware Startups,1,https://jinghangsc.com/hardware-startup-supply-chain-china,"",en,1817,35,14,yes,"WebPage|Service|BusinessAudience|BreadcrumbList|FAQPage",0,0,complete,summary_large_image,no,0,"Full-brand title synchronized locally"
https://jinghangsc.com/about,about.html,"Local source checked and production document rendered in Chrome on 2026-07-29",BROWSER_RENDERED_STATUS_NOT_EXPOSED,https://jinghangsc.com/about,About Jinghang Global Supply Chain,34,"Learn about Jinghang Global Supply Chain, a registered Shenzhen company established in 2017 and a China supply chain partner for overseas businesses.",149,About Jinghang Global Supply Chain,1,https://jinghangsc.com/about,"",en,797,34,14,yes,"AboutPage|Person|Place|BreadcrumbList",0,0,complete,summary_large_image,no,0,"Branded H1 applied; unverified LinkedIn link and Person.sameAs removed locally"
https://jinghangsc.com/faq,faq.html,"Local source checked and production document rendered in Chrome on 2026-07-29",BROWSER_RENDERED_STATUS_NOT_EXPOSED,https://jinghangsc.com/faq,China Supply Chain FAQ | Jinghang Global Supply Chain,53,"Direct answers about China sourcing, inspection coordination, consolidation, DDP/DAP logistics, special cargo, warehousing, and company registration.",149,"Direct answers about sourcing, inspection coordination, consolidation, and cross-border logistics.",1,https://jinghangsc.com/faq,"",en,1638,56,14,yes,"FAQPage|BreadcrumbList",0,0,complete,summary_large_image,no,0,"Twenty-seven visible answers match FAQPage; BreadcrumbList added locally"
https://jinghangsc.com/contact,contact.html,"Local source checked and production document rendered in Chrome on 2026-07-29",BROWSER_RENDERED_STATUS_NOT_EXPOSED,https://jinghangsc.com/contact,Contact Jinghang Global Supply Chain | Project Enquiry,54,"Share your China sourcing or shipping requirements with Jinghang Global Supply Chain for a project-specific review.",115,"Tell us what you are building, buying, or shipping.",1,https://jinghangsc.com/contact,"",en,568,28,14,yes,"ContactPage|BreadcrumbList",0,0,complete,summary_large_image,no,1,"Unverified WeChat and voice-call restriction removed; WhatsApp remains the verified messaging contact"
https://jinghangsc.com/privacy,privacy.html,"Local source checked and production document rendered in Chrome on 2026-07-29",BROWSER_RENDERED_STATUS_NOT_EXPOSED,https://jinghangsc.com/privacy,Privacy Notice | Jinghang Global Supply Chain,45,"Privacy information for enquiries submitted to Jinghang Global Supply Chain through its website and contact channels.",117,Privacy Notice,1,https://jinghangsc.com/privacy,"",en,728,27,14,yes,"WebPage|BreadcrumbList",0,0,complete,summary_large_image,no,0,"Legal page"
https://jinghangsc.com/insights/,insights/index.html,"Local source checked and production document rendered in Chrome on 2026-07-29",BROWSER_RENDERED_STATUS_NOT_EXPOSED,https://jinghangsc.com/insights/,China Supply Chain Insights | Jinghang Global Supply Chain,58,"Practical guides for overseas teams managing China sourcing, supplier evaluation, quality control, and international delivery.",126,Practical Guides for Building and Moving Products From China.,1,https://jinghangsc.com/insights/,"",en,341,34,14,yes,"WebPage|BreadcrumbList|ItemList",0,0,complete,summary_large_image,no,0,"Full-brand title synchronized locally"
https://jinghangsc.com/insights/how-to-source-products-from-china-without-an-in-house-team,insights/how-to-source-products-from-china-without-an-in-house-team.html,"Local source checked and production document rendered in Chrome on 2026-07-29",BROWSER_RENDERED_STATUS_NOT_EXPOSED,https://jinghangsc.com/insights/how-to-source-products-from-china-without-an-in-house-team,How to Source Products From China | Jinghang Global Supply Chain,64,"A practical operating guide to sourcing products from China without hiring an in-house local team, from requirements and suppliers to quality and delivery.",155,How to Source Products from China Without an In-House Team,1,https://jinghangsc.com/insights/how-to-source-products-from-china-without-an-in-house-team,"",en,1604,38,5,yes,"Article|WebPage|BreadcrumbList|FAQPage",0,0,complete,summary_large_image,no,0,"Full-brand title synchronized locally"
https://jinghangsc.com/insights/china-supplier-evaluation-checklist,insights/china-supplier-evaluation-checklist.html,"Local source checked and production document rendered in Chrome on 2026-07-29",BROWSER_RENDERED_STATUS_NOT_EXPOSED,https://jinghangsc.com/insights/china-supplier-evaluation-checklist,China Supplier Evaluation Checklist | Jinghang Global Supply Chain,66,"Use this China supplier evaluation checklist to review identity, capability, samples, quality, commercial terms, compliance inputs, and shipment readiness.",155,China Supplier Evaluation Checklist,1,https://jinghangsc.com/insights/china-supplier-evaluation-checklist,"",en,1914,36,5,yes,"Article|WebPage|BreadcrumbList|FAQPage",0,0,complete,summary_large_image,no,0,"Full-brand title synchronized locally"
https://jinghangsc.com/insights/ddp-vs-dap-shipping-from-china,insights/ddp-vs-dap-shipping-from-china.html,"Local source checked and production document rendered in Chrome on 2026-07-29",BROWSER_RENDERED_STATUS_NOT_EXPOSED,https://jinghangsc.com/insights/ddp-vs-dap-shipping-from-china,DDP vs DAP Shipping From China | Jinghang Global Supply Chain,61,"Compare DDP and DAP shipping from China, including import clearance, duties, taxes, risk, unloading, named-place details, and questions to verify.",146,DDP vs DAP Shipping From China,1,https://jinghangsc.com/insights/ddp-vs-dap-shipping-from-china,"",en,1894,33,6,yes,"Article|WebPage|BreadcrumbList|FAQPage",0,0,complete,summary_large_image,no,1,"Full-brand title synchronized locally; official ICC Academy outbound link"
